[{"helyszinAzon":"1","helyszinNev":"A38 Hajó","irszam":"1113","cim":"Petőfi híd budai hídfő","telefon":"4643940","aktiv":"1"},{"helyszinAzon":"2","helyszinNev":"Bárka Kikötő a Ráday utcában","irszam":"1092","cim":"Ráday utca","telefon":"0","aktiv":"0"},{"helyszinAzon":"3","helyszinNev":"Bem","irszam":"1024","cim":"Margit krt. 5\/b.","telefon":"3168708","aktiv":"0"},{"helyszinAzon":"4","helyszinNev":"Budapesti Európai Ifjúsági Központ","irszam":"1024","cim":"Zivatar u. 1-3.","telefon":"2124080","aktiv":"1"},{"helyszinAzon":"5","helyszinNev":"Cervantes Intézet","irszam":"1000","cim":"Vörösmarty u. 32.","telefon":"0","aktiv":"0"},{"helyszinAzon":"6","helyszinNev":"Cinema City Csepel Plaza","irszam":"1212","cim":"Rákóczi F. út 154-170.","telefon":"4258111","aktiv":"1"},{"helyszinAzon":"7","helyszinNev":"Cinema City Új Udvar","irszam":"1036","cim":"Bécsi út 38-44.","telefon":"4378383","aktiv":"0"},{"helyszinAzon":"8","helyszinNev":"Cirko-Gejzír","irszam":"1055","cim":"Balassi Bálint u. 15-17.","telefon":"2690904","aktiv":"0"},{"helyszinAzon":"9","helyszinNev":"Corvin Budapest Filmpalota","irszam":"1082","cim":"Corvin köz 1.","telefon":"4595050","aktiv":"1"},{"helyszinAzon":"10","helyszinNev":"FilmesHáz","irszam":"1092","cim":"Ráday utca 31\/K","telefon":"0","aktiv":"0"}]